sample_id,q1_x_mm,q1_y_mm,q2_x_mm,q2_y_mm,Lj1_nH,Cj1_fF,Lj2_nH,Cj2_fF,tee_finger_length_um,tee_finger_count,tee_cap_gap_um,ro_L_mm,fq1_GHz,fr1_GHz,Delta1_GHz,g1_over_2pi_MHz,chi1_MHz,kappa1_over_2pi_MHz,chi1_over_kappa1,Cin1_fF,Ceff1_fF,kappa1_i_over_kappa1_e,fq2_GHz,fr2_GHz,Delta2_GHz,g2_over_2pi_MHz,chi2_MHz,kappa2_over_2pi_MHz,chi2_over_kappa2,Cin2_fF,Ceff2_fF,kappa2_i_over_kappa2_e,chi12_MHz,hit_chi1_ge_2MHz,hit_chi2_ge_2MHz,T1_qubit1_est_us,T2_qubit1_est_us,T1_qubit2_est_us,T2_qubit2_est_us,status,error,warnings1,warnings2
chip_2q_q1x0p000_q1y0p000__q2x2p000_q2y2p000__Lj112p0nH_Cj12p0fF__Lj212p0nH_Cj22p0fF__roL8p5mm__tee_fl160um_fc12_cg1p2um__rpg1p4um,0.0,0.0,2.0,2.0,12.0,2.0,12.0,2.0,160,12,1.2,8.5,,,,,,,,,,,,,,,,,,,,,,False,False,,,,,completed,"(-2147352567, '发生意外。', (0, None, None, None, 0, -2147024382), None)",,
chip_2q_q1xm1p500_q1y0p000__q2x1p500_q2y0p000__Lj112p0nH_Cj12p0fF__Lj212p0nH_Cj22p0fF__roL8p5mm__tee_fl160um_fc12_cg1p2um__rpg1p4um,-1.5,0.0,1.5,0.0,12.0,2.0,12.0,2.0,160,12,1.2,8.5,,,,,,,,,,,,,,,,,,,,,,False,False,,,,,completed,"(-2147352567, '发生意外。', (0, None, None, None, 0, -2147024382), None)",,
chip_2q_q1xm1p500_q1y0p000__q2x1p500_q2y0p000__Lj112p0nH_Cj12p0fF__Lj212p0nH_Cj22p0fF__roL8p5mm__tee_fl160um_fc12_cg1p2um__rpg1p4um,-1.5,0.0,1.5,0.0,12.0,2.0,12.0,2.0,160,12,1.2,8.5,,,,,,,,,,,,,,,,,,,,,,False,False,,,,,completed,"(-2147352567, '发生意外。', (0, None, None, None, 0, -2147024382), None)",,
chip_2q_q1xm1p500_q1y0p000__q2x1p500_q2y0p000__Lj112p0nH_Cj12p0fF__Lj212p0nH_Cj22p0fF__roL8p5mm__tee_fl160um_fc12_cg1p2um__rpg1p4um,-1.5,0.0,1.5,0.0,12.0,2.0,12.0,2.0,160,12,1.2,8.5,,,,,,,,,,,,,,,,,,,,,,False,False,,,,,completed,"(-2147352567, '发生意外。', (0, None, None, None, 0, -2147024382), None)",,
chip_2q_q1xm1p500_q1y0p000__q2x1p500_q2y0p000__Lj112p0nH_Cj12p0fF__Lj212p0nH_Cj22p0fF__roL8p5mm__tee_fl160um_fc12_cg1p2um__rpg1p4um,-1.5,0.0,1.5,0.0,12.0,2.0,12.0,2.0,160,12,1.2,8.5,,,,,,,,,,,,,,,,,,,,,,False,False,,,,,completed,"(-2147352567, '发生意外。', (0, None, None, None, 0, -2147024382), None)",,
chip_2q_q1xm1p500_q1y0p000__q2x1p500_q2y0p000__Lj112p0nH_Cj12p0fF__Lj212p0nH_Cj22p0fF__roL8p5mm__tee_fl160um_fc12_cg1p2um__rpg1p4um,-1.5,0.0,1.5,0.0,12.0,2.0,12.0,2.0,160,12,1.2,8.5,,,,,,,,,,,,,,,,,,,,,,,,,,,,ERROR,cannot convert float NaN to integer,,
chip_2q_q1x0p000_q1y1p500__q2x0p000_q2ym1p500__Lj112p0nH_Cj12p0fF__Lj212p0nH_Cj22p0fF__roL8p5mm__tee_fl160um_fc12_cg1p2um__rpg1p4um,0.0,1.5,0.0,-1.5,12.0,2.0,12.0,2.0,160,12,1.2,8.5,,,,,,,,,,,,,,,,,,,,,,False,False,,,,,completed,"(-2147352567, '发生意外。', (0, None, None, None, 0, -2147024382), None)",,
chip_2q_q1x0p000_q1y1p500__q2x0p000_q2ym1p500__Lj112p0nH_Cj12p0fF__Lj212p0nH_Cj22p0fF__roL8p5mm__tee_fl160um_fc12_cg1p2um__rpg1p4um,0.0,1.5,0.0,-1.5,12.0,2.0,12.0,2.0,160,12,1.2,8.5,,,,,,,,,,,,,,,,,,,,,,False,False,,,,,completed,"(-2147352567, '发生意外。', (0, None, None, None, 0, -2147024382), None)",,
chip_2q_q1x0p000_q1y1p500__q2x0p000_q2ym1p500__Lj112p0nH_Cj12p0fF__Lj212p0nH_Cj22p0fF__roL8p5mm__tee_fl160um_fc12_cg1p2um__rpg1p4um,0.0,1.5,0.0,-1.5,12.0,2.0,12.0,2.0,160,12,1.2,8.5,,,,,,,,,,,,,,,,,,,,,,False,False,,,,,completed,"(-2147352567, '发生意外。', (0, None, None, None, 0, -2147024382), None)",,
chip_2q_q1x0p000_q1y1p500__q2x0p000_q2ym1p500__Lj112p0nH_Cj12p0fF__Lj212p0nH_Cj22p0fF__roL8p5mm__tee_fl160um_fc12_cg1p2um__rpg1p4um,0.0,1.5,0.0,-1.5,12.0,2.0,12.0,2.0,160,12,1.2,8.5,,,,,,,,,,,,,,,,,,,,,,,,,,,,ERROR,'gbk' codec can't encode character '\U0001f637' in position 59: illegal multibyte sequence,,
chip_2q_q1x0p000_q1y1p500__q2x0p000_q2ym1p500__Lj112p0nH_Cj12p0fF__Lj212p0nH_Cj22p0fF__roL8p5mm__tee_fl160um_fc12_cg1p2um__rpg1p4um,0.0,1.5,0.0,-1.5,12.0,2.0,12.0,2.0,160,12,1.2,8.5,,,,,,,,,,,,,,,,,,,,,,,,,,,,ERROR,'gbk' codec can't encode character '\U0001f637' in position 59: illegal multibyte sequence,,
chip_2q_q1x0p000_q1y1p500__q2x0p000_q2ym1p500__Lj112p0nH_Cj12p0fF__Lj212p0nH_Cj22p0fF__roL8p5mm__tee_fl160um_fc12_cg1p2um__rpg1p4um,0.0,1.5,0.0,-1.5,12.0,2.0,12.0,2.0,160,12,1.2,8.5,,,,,,,,397.08011,74.29085412255395,,,,,,,,,397.4677,74.35556984303379,,,False,False,,,,,completed,"Unable to allocate 12.6 GiB for an array with shape (842349405,) and data type complex128",,
chip_2q_q1x0p000_q1y1p500__q2x0p000_q2ym1p500__Lj112p0nH_Cj12p0fF__Lj212p0nH_Cj22p0fF__roL8p5mm__tee_fl160um_fc12_cg1p2um__rpg1p4um,0.0,1.5,0.0,-1.5,12.0,2.0,12.0,2.0,160,12,1.2,8.5,,,,,,,,,,,,,,,,,,,,,,False,False,,,,,completed,"(-2147352567, '发生意外。', (0, None, None, None, 0, -2147024382), None)",,
chip_2q_q1x0p000_q1y1p500__q2x0p000_q2ym1p500__Lj112p0nH_Cj12p0fF__Lj212p0nH_Cj22p0fF__roL8p5mm__tee_fl160um_fc12_cg1p2um__rpg1p4um,0.0,1.5,0.0,-1.5,12.0,2.0,12.0,2.0,160,12,1.2,8.5,,,,,,,,334.4615,72.31369601852545,,,,,,,,,337.56248,74.32820121789585,,,False,False,,,,,completed,'gbk' codec can't encode character '\u2130' in position 16: illegal multibyte sequence,,
chip_2q_q1x0p000_q1y1p500__q2x0p000_q2ym1p500__Lj112p0nH_Cj12p0fF__Lj212p0nH_Cj22p0fF__roL8p5mm__tee_fl160um_fc12_cg1p2um__rpg1p4um,0.0,1.5,0.0,-1.5,12.0,2.0,12.0,2.0,160,12,1.2,8.5,,,,,,,,334.67191,72.3139322936048,,,,,,,,,337.87198,74.33013025413935,,,False,False,,,,,completed,"Unable to allocate 12.6 GiB for an array with shape (842349405,) and data type complex128",,
chip_2q_q1x0p000_q1y1p500__q2x0p000_q2ym1p500__Lj112p0nH_Cj12p0fF__Lj212p0nH_Cj22p0fF__roL8p5mm__tee_fl160um_fc12_cg1p2um__rpg1p4um,0.0,1.5,0.0,-1.5,12.0,2.0,12.0,2.0,160,12,1.2,8.5,,,,,,,,334.45868,72.13398813905668,,,,,,,,,337.42817,74.14339769310689,,,False,False,,,,,completed,"Unable to allocate 12.6 GiB for an array with shape (842349405,) and data type complex128",,
chip_2q_q1x0p000_q1y1p500__q2x0p000_q2ym1p500__Lj112p0nH_Cj12p0fF__Lj212p0nH_Cj22p0fF__roL8p5mm__tee_fl160um_fc12_cg1p2um__rpg1p4um,0.0,1.5,0.0,-1.5,12.0,2.0,12.0,2.0,160,12,1.2,8.5,,,,,,,,334.4615,72.31369601852545,,,,,,,,,337.56248,74.32820121789585,,,False,False,,,,,completed,'_Lj',,
chip_2q_q1x0p000_q1y1p500__q2x0p000_q2ym1p500__Lj112p0nH_Cj12p0fF__Lj212p0nH_Cj22p0fF__roL8p5mm__tee_fl160um_fc12_cg1p2um__rpg1p4um,0.0,1.5,0.0,-1.5,12.0,2.0,12.0,2.0,160,12,1.2,8.5,2.85065487076,3.44265941688,-0.5920045461200001,21.059163201023708,0.07808593420928413,10.013518154689365,0.007798051893750871,334.48226,72.31378337709965,0.3782823670369235,2.7740430762,1.64500818506,1.1290348911399999,32.41392055717306,0.05672672891277697,2.113359500856311,0.026841968387201466,337.70028,74.32847615488338,1.6156896738592321,4.341641443816299,False,False,10.426238782747328,20.852477565494656,37.90621525799093,75.81243051598186,completed,,,
chip_2q_q1x0p000_q1y1p500_q2x0p000_q2ym1p500__Lj12p0nH_Cj0p0fF__roL8p5mm__tee_fl160um_fc12_cg1p2um__rpg1p4um,0.0,1.5,0.0,-1.5,12.0,0.0,12.0,0.0,160,12,1.2,8.5,2.37579331093,2.97961095831,-0.6038176473800001,38.52057218835017,0.17577537889490244,7.013605224154516,0.025062057711708746,334.77881,70.34489630884319,0.4863687784786145,2.04542008149,1.56223716918,0.48318291231,47.85709781456688,0.3788732632351017,1.913963347676977,0.19795220409782097,337.95825,72.35517677381966,1.7615091122006508,0.008527159071096498,False,False,5.187574112704791,10.375148225409582,7.704645128321813,15.409290256643626,completed,,,
chip_2q_q1x0p000_q1y1p500_q2x0p000_q2ym1p500__Lj12p0nH_Cj0p0fF__roL8p5mm__tee_fl160um_fc12_cg1p2um__rpg1p4um,0.0,1.5,0.0,-1.5,12.0,0.0,12.0,0.0,160,12,1.2,8.5,2.37579331079,2.97961095834,-0.6038176475500001,38.52057234313412,0.1757753802395203,7.013605224451608,0.02506205790236278,334.77881,70.34489630884319,0.48636877849668037,2.0454200815,1.56223716912,0.48318291238,47.857097938127126,0.37887326509772257,1.9139633474654951,0.19795220509286837,337.95825,72.35517677381966,1.7615091122136997,0.008527158925386774,False,False,5.187574076426142,10.375148152852285,7.70464509496485,15.4092901899297,completed,,,
chip_2q_q1x0p000_q1y1p500_q2x0p000_q2ym1p500__Lj12p0nH_Cj0p0fF__roL8p5mm__tee_fl160um_fc12_cg1p2um__rpg1p4um,0.0,1.5,0.0,-1.5,12.0,0.0,12.0,0.0,160,12,1.2,8.5,2.41624330945,3.11063688574,-0.69439357629,69.97771134181195,0.23051110587800824,7.8096100477335675,0.02951634005655699,334.46141,70.13399050001546,0.4573680097837642,1.53976967707,4.77386664686,-3.2340969697900004,240.76878967841165,0.08184752490591392,23.433801251395625,0.0034927122590083163,337.42824,72.14339515013653,0.1886360763566814,0.021324366148373596,False,False,1.9529272838175236,3.905854567635047,1.2118776402026543,2.4237552804053086,completed,,,
chip_2q_q1x0p000_q1y1p500_q2x0p000_q2ym1p500__Lj12p0nH_Cj0p0fF__roL8p5mm__tee_fl160um_fc12_cg1p2um__rpg1p4um,0.0,1.5,0.0,-1.5,12.0,0.0,12.0,0.0,160,12,1.2,8.5,2.76337051371,3.69118543132,-0.9278149176100001,72.79442497435731,0.3848059709248846,11.959673575008223,0.032175290446806365,333.62642,70.36666152505678,0.34239626420331265,2.32206240436,1.27193008739,1.05013231697,28.398881694850346,0.035453405611207175,1.3985177921053369,0.02535070044252738,337.3685,72.33039015462988,2.7518812307660463,0.035492305004675026,False,False,2.092489647908666,4.184979295817332,52.17722887287016,104.35445774574032,completed,,,
chip_2q_q1xm1p500_q1y0p000_q2x1p500_q2y0p000__Lj12p0nH_Cj2p0fF__feedL5p5mm__roL9p0mm__tee_fl160um_fc12_cg1p2um__rpg1p4um,-1.5,0.0,1.5,0.0,12.0,2.0,12.0,2.0,160,12,1.2,9.0,,,,,,,,,,,,,,,,,,,,,,False,False,,,,,completed,"(-2147352567, '发生意外。', (0, None, None, None, 0, -2147024382), None)",,
chip_2q_q1xm1p500_q1y0p000_q2x1p500_q2y0p000__Lj12p0nH_Cj2p0fF__feedL5p5mm__roL9p0mm__tee_fl160um_fc12_cg1p2um__rpg1p4um,-1.5,0.0,1.5,0.0,12.0,2.0,12.0,2.0,160,12,1.2,9.0,,,,,,,,,,,,,,,,,,,,,,False,False,,,,,completed,"(-2147352567, '发生意外。', (0, None, None, None, 0, -2147024382), None)",,
chip_2q_q1xm1p500_q1y0p000_q2x1p500_q2y0p000__Lj12p0nH_Cj2p0fF__feedL5p5mm__roL9p0mm__tee_fl160um_fc12_cg1p2um__rpg1p4um,-1.5,0.0,1.5,0.0,12.0,2.0,12.0,2.0,160,12,1.2,9.0,,,,,,,,,,,,,,,,,,,,,,False,False,,,,,completed,"(-2147352567, '发生意外。', (0, None, None, None, 0, -2147024382), None)",,
chip_2q_q1xm1p500_q1y0p000_q2x1p500_q2y0p000__Lj12p0nH_Cj2p0fF__feedL5p5mm__roL9p0mm__tee_fl160um_fc12_cg1p2um__rpg1p4um,-1.5,0.0,1.5,0.0,12.0,2.0,12.0,2.0,160,12,1.2,9.0,3.30532682176,23.7734351797,-20.46810835794,8374.021462837301,16.1121314864385,19.639609279597764,0.820389614531501,0.0,75.4411837921419,,3.25852315874,23.7983534143,-20.53983025556,8998.55031919259,17.90815424815193,19.701883553192285,0.9089564558536986,0.0,75.41754603442693,,7.858205083655378e-07,True,True,0.0483706253161143,0.0967412506322286,0.04205528151140972,0.08411056302281944,completed,,,
chip_2q_q1xm1p500_q1y0p000_q2x1p500_q2y0p000__Lj12p0nH_Cj2p0fF__feedL5p5mm__roL9p0mm__tee_fl160um_fc12_cg1p2um__rpg1p4um,-1.5,0.0,1.5,0.0,12.0,2.0,12.0,2.0,160,12,1.2,9.0,22.5743388933,10.9248761808,11.649462712499998,10.290051369147736,1.8644438908869603e-07,246.29988749127247,7.569812190649198e-10,338.36001,72.3025449107853,0.036660266462487476,20.4044175458,7.49898933765,12.905428208150001,6843.012855131281,0.0292942840610188,6.055596198747722,0.0048375557252441585,0.0,70.05347255287616,,1.1508143791397094e-06,False,False,8.100217445793383,16.200434891586767,0.09249455860501572,0.18498911721003145,completed,,,
chip_2q_q1xm1p500_q1y0p000_q2x1p500_q2y0p000__Lj12p0nH_Cj2p0fF__feedL5p5mm__roL9p0mm__tee_fl160um_fc12_cg1p2um__rpg1p4um,-1.5,0.0,1.5,0.0,12.0,2.0,12.0,2.0,160,12,1.2,9.0,,,,,,,,,,,,,,,,,,,,,,,,,,,,ERROR,index -2 is out of bounds for axis 0 with size 1,,
chip_2q_q1xm1p500_q1y0p000_q2x1p500_q2y0p000__Lj12p0nH_Cj2p0fF__feedL5p5mm__roL9p0mm__tee_fl160um_fc12_cg1p2um__rpg1p4um,-1.5,0.0,1.5,0.0,12.0,2.0,12.0,2.0,160,12,1.2,9.0,,,,,,,,,,,,,,,,,,,,,,False,False,,,,,completed,"(-2147352567, '发生意外。', (0, None, None, None, 0, -2147024381), None)",,
chip_2q_q1xm1p500_q1y0p000_q2x1p500_q2y0p000__Lj12p0nH_Cj2p0fF__feedL5p5mm__roL9p0mm__tee_fl160um_fc12_cg1p2um__rpg1p4um,-1.5,0.0,1.5,0.0,12.0,2.0,12.0,2.0,160,12,1.2,9.0,1.74526217159,2.34862298638,-0.60336081479,84.77519776374619,0.511535251579826,5.097673747243256,0.10034680070619593,391.51869,72.28915014769878,0.6128983082292784,2.72058221925,6.61047337963,-3.88989116038,803.4472107066846,1.1192368290035992,75.79319962779294,0.014766982189694779,392.99769,74.16402134603588,0.06741286385145875,0.006510678706417752,False,False,1.5565617142982107,3.1131234285964213,0.04918734190044634,0.09837468380089268,completed,,,
chip_2q_q1xm1p500_q1y0p000_q2x1p500_q2y0p000__Lj12p0nH_Cj2p0fF__feedL5p5mm__roL9p0mm__tee_fl160um_fc12_cg1p2um__rpg1p4um__bpg15p0um,-1.5,0.0,1.5,0.0,12.0,2.0,12.0,2.0,160,12,1.2,9.0,1.95973764339,1.84987070624,0.10986693715000007,26.588678944388498,2.6263866757808882,3.117669617730007,0.8424198192280474,397.27982,72.15631042343506,0.9606172653840533,1.38706762269,2.24509228922,-0.85802466653,48.360143158920565,0.05407483483006482,4.726546257824076,0.011440665526239627,398.75891,72.12687149861823,0.6504424514664879,0.0031124443976936526,True,False,0.8635312891492535,1.727062578298507,9.719780164060735,19.43956032812147,completed,,,
chip_2q_q1xm1p500_q1y0p000_q2x1p500_q2y0p000__Lj12p0nH_Cj2p0fF__feedL5p5mm__roL9p0mm__tee_fl160um_fc12_cg1p2um__rpg1p4um__bpg15p0um,-1.5,0.0,1.5,0.0,12.0,2.0,12.0,2.0,160,12,1.2,9.0,2.23742671927,2.87938654685,-0.64195982758,79.35495723639112,0.6349190885245591,8.262576201140984,0.07684275134877216,395.14748,71.08593680129215,0.3927622894486663,1.57908232127,6.40788548919,-4.82880316792,166.1990217247862,0.0265874594955921,70.40303908522132,0.00037764647437177486,395.53944,71.09388604683055,0.07460154314851344,1.7842659466697552e-08,False,False,1.240841849165511,2.481683698331022,1.8752006896672981,3.7504013793345963,completed,,,
chip_2q_q1xm1p500_q1y0p000_q2x1p500_q2y0p000__Lj12p0nH_Cj2p0fF__feedL5p5mm__roL9p0mm__tee_fl160um_fc12_cg1p2um__rpg1p4um__bpg200p0um,-1.5,0.0,1.5,0.0,12.0,2.0,12.0,2.0,160,12,1.2,9.0,1.70965362531,1.83793630234,-0.12828267702999985,18.560302843869067,0.44762074768018806,1.543022869830227,0.29009339811628204,,,,1.11705137076,7.70638385115,-6.58933248039,196.34045861691956,0.010000878703015628,6.527961837169516,0.0015320063064817098,,,,0.00019099842261055067,False,False,4.690264496743412,9.380528993486823,23.070649492595777,46.141298985191554,completed,"(-2147352567, '发生意外。', (0, None, None, None, 0, -2147024349), None)",,
chip_2q_q1xm1p500_q1y0p000_q2x1p500_q2y0p000__Lj3p0nH_Cj2p0fF__feedL5p5mm__roL9p0mm__tee_fl160um_fc12_cg1p2um__rpg1p4um__bpg15p0um,-1.5,0.0,1.5,0.0,3.0,2.0,3.0,2.0,160,12,1.2,9.0,4.09741535926,5.68596417254,-1.58854881328,216.17138184398945,0.6430635839454519,50.834985745989094,0.012650019951981397,397.27982,72.15631042343506,0.10087296620951405,4.26672792906,6.39801042107,-2.1312824920100004,238.13902298869766,0.16442089895847006,71.68118686247209,0.0022937803649084225,398.75891,72.12687149861823,0.08150722763870417,0.23894587183023788,False,False,0.16837230377931192,0.33674460755862384,0.17710176456672777,0.35420352913345554,completed,,,
chip_2q_q1xm1p500_q1y0p000_q2x1p500_q2y0p000__Lj3p0nH_Cj2p0fF__feedL5p5mm__roL9p0mm__tee_fl160um_fc12_cg1p2um__rpg1p4um__bpg15p0um,-1.5,0.0,1.5,0.0,3.0,2.0,3.0,2.0,160,12,1.2,9.0,7.22745683376,8.62673828945,-1.3992814556899997,362.6383976696031,6.469167070797374,166.3892659454298,0.03887971398899642,395.14748,71.08593680129215,0.04291009651030004,4.82109510753,6.12495458837,-1.30385948084,230.44311022196365,1.472498002079413,62.239311869513855,0.023658648494805645,395.53944,71.09388604683055,0.08781850592867917,0.0004515209666715756,True,False,0.014233575866467762,0.028467151732935524,0.08167524142381233,0.16335048284762466,completed,,,
